id,type,group,name
0,1,activeMarker,btSns
1,1,activeMarker,i2cOk
2,1,motion,motion
3,5,motion,deltaX
4,5,motion,deltaY
5,2,motion,shutter
6,1,motion,maxRaw
7,1,motion,minRaw
8,1,motion,Rawsum
9,1,motion,outlierCount
10,1,motion,squal
11,7,motion,std
12,7,ring,fadeTime
13,1,loco,mode
14,7,loco,spiWr
15,7,loco,spiRe
16,2,ranging,state
17,7,ranging,distance0
18,7,ranging,distance1
19,7,ranging,distance2
20,7,ranging,distance3
21,7,ranging,distance4
22,7,ranging,distance5
23,7,ranging,distance6
24,7,ranging,distance7
25,7,ranging,pressure0
26,7,ranging,pressure1
27,7,ranging,pressure2
28,7,ranging,pressure3
29,7,ranging,pressure4
30,7,ranging,pressure5
31,7,ranging,pressure6
32,7,ranging,pressure7
33,7,tdoa2,d7-0
34,7,tdoa2,d0-1
35,7,tdoa2,d1-2
36,7,tdoa2,d2-3
37,7,tdoa2,d3-4
38,7,tdoa2,d4-5
39,7,tdoa2,d5-6
40,7,tdoa2,d6-7
41,7,tdoa2,cc0
42,7,tdoa2,cc1
43,7,tdoa2,cc2
44,7,tdoa2,cc3
45,7,tdoa2,cc4
46,7,tdoa2,cc5
47,7,tdoa2,cc6
48,7,tdoa2,cc7
49,2,tdoa2,dist7-0
50,2,tdoa2,dist0-1
51,2,tdoa2,dist1-2
52,2,tdoa2,dist2-3
53,2,tdoa2,dist3-4
54,2,tdoa2,dist4-5
55,2,tdoa2,dist5-6
56,2,tdoa2,dist6-7
57,1,twr,rangingSuccessRate0
58,1,twr,rangingPerSec0
59,1,twr,rangingSuccessRate1
60,1,twr,rangingPerSec1
61,1,twr,rangingSuccessRate2
62,1,twr,rangingPerSec2
63,1,twr,rangingSuccessRate3
64,1,twr,rangingPerSec3
65,1,twr,rangingSuccessRate4
66,1,twr,rangingPerSec4
67,1,twr,rangingSuccessRate5
68,1,twr,rangingPerSec5
69,1,twr,rangingSuccessRate6
70,1,twr,rangingPerSec6
71,1,twr,rangingSuccessRate7
72,1,twr,rangingPerSec7
73,2,oa,front
74,2,oa,back
75,2,oa,up
76,2,oa,left
77,2,oa,right
78,7,usd,spiWrBps
79,7,usd,spiReBps
80,7,usd,fatWrBps
81,2,rpm,m1
82,2,rpm,m2
83,2,rpm,m3
84,2,rpm,m4
85,1,colorLedBot,deckTemp
86,1,colorLedBot,throttlePct
87,2,colorLedBot,ledCurR
88,2,colorLedBot,ledCurG
89,2,colorLedBot,ledCurB
90,2,colorLedBot,ledCurW
91,1,colorLedTop,deckTemp
92,1,colorLedTop,throttlePct
93,2,colorLedTop,ledCurR
94,2,colorLedTop,ledCurG
95,2,colorLedTop,ledCurB
96,2,colorLedTop,ledCurW
97,2,motor,m1
98,2,motor,m2
99,2,motor,m3
100,2,motor,m4
101,6,motor,m1req
102,6,motor,m2req
103,6,motor,m3req
104,6,motor,m4req
105,7,pm,vbat
106,2,pm,vbatMV
107,7,pm,extVbat
108,2,pm,extVbatMV
109,7,pm,extCurr
110,7,pm,chargeCurrent
111,4,pm,state
112,1,pm,batteryLevel
113,1,radio,rssi
114,1,radio,isConnected
115,2,radio,numRxBc
116,2,radio,numRxUc
117,5,gyro,xRaw
118,5,gyro,yRaw
119,5,gyro,zRaw
120,7,gyro,xVariance
121,7,gyro,yVariance
122,7,gyro,zVariance
123,7,gyro,x
124,7,gyro,y
125,7,gyro,z
126,3,colAv,latency
127,7,ext_pos,X
128,7,ext_pos,Y
129,7,ext_pos,Z
130,7,locSrv,x
131,7,locSrv,y
132,7,locSrv,z
133,7,locSrv,qx
134,7,locSrv,qy
135,7,locSrv,qz
136,7,locSrv,qw
137,2,locSrvZ,tick
138,2,crtp,rxRate
139,2,crtp,txRate
140,7,extrx,thrust
141,7,extrx,roll
142,7,extrx,pitch
143,7,extrx,rollRate
144,7,extrx,pitchRate
145,7,extrx,yawRate
146,7,extrx,zVel
147,1,extrx,AltHold
148,1,extrx,Arm
149,2,extrx_raw,ch0
150,2,extrx_raw,ch1
151,2,extrx_raw,ch2
152,2,extrx_raw,ch3
153,2,extrx_raw,ch4
154,2,extrx_raw,ch5
155,2,extrx_raw,ch6
156,2,extrx_raw,ch7
157,7,health,motorVarXM1
158,7,health,motorVarYM1
159,7,health,motorVarXM2
160,7,health,motorVarYM2
161,7,health,motorVarXM3
162,7,health,motorVarYM3
163,7,health,motorVarXM4
164,7,health,motorVarYM4
165,1,health,motorPass
166,7,health,batterySag
167,1,health,batteryPass
168,2,health,motorTestCount
169,3,memTst,errCntW
170,2,range,front
171,2,range,back
172,2,range,up
173,2,range,left
174,2,range,right
175,2,range,zrange
176,7,sensfusion6,qw
177,7,sensfusion6,qx
178,7,sensfusion6,qy
179,7,sensfusion6,qz
180,7,sensfusion6,gravityX
181,7,sensfusion6,gravityY
182,7,sensfusion6,gravityZ
183,7,sensfusion6,accZbase
184,1,sensfusion6,isInit
185,1,sensfusion6,isCalibrated
186,7,acc,x
187,7,acc,y
188,7,acc,z
189,7,baro,asl
190,7,baro,temp
191,7,baro,pressure
192,5,controller,ctr_yaw
193,7,controller,cmd_thrust
194,7,controller,cmd_roll
195,7,controller,cmd_pitch
196,7,controller,cmd_yaw
197,7,controller,r_roll
198,7,controller,r_pitch
199,7,controller,r_yaw
200,7,controller,accelz
201,7,controller,actuatorThrust
202,7,controller,roll
203,7,controller,pitch
204,7,controller,yaw
205,7,controller,rollRate
206,7,controller,pitchRate
207,7,controller,yawRate
208,7,ctrltarget,x
209,7,ctrltarget,y
210,7,ctrltarget,z
211,7,ctrltarget,vx
212,7,ctrltarget,vy
213,7,ctrltarget,vz
214,7,ctrltarget,ax
215,7,ctrltarget,ay
216,7,ctrltarget,az
217,7,ctrltarget,roll
218,7,ctrltarget,pitch
219,7,ctrltarget,yaw
220,7,ctrltarget,thrust
221,1,ctrltarget,mode_x
222,1,ctrltarget,mode_y
223,1,ctrltarget,mode_z
224,1,ctrltarget,mode_roll
225,1,ctrltarget,mode_pitch
226,1,ctrltarget,mode_yaw
227,1,ctrltarget,mode_quat
228,5,ctrltargetZ,x
229,5,ctrltargetZ,y
230,5,ctrltargetZ,z
231,5,ctrltargetZ,vx
232,5,ctrltargetZ,vy
233,5,ctrltargetZ,vz
234,5,ctrltargetZ,ax
235,5,ctrltargetZ,ay
236,5,ctrltargetZ,az
237,7,mag,x
238,7,mag,y
239,7,mag,z
240,7,stabilizer,roll
241,7,stabilizer,pitch
242,7,stabilizer,yaw
243,7,stabilizer,thrust
244,7,stabilizer,rtStab
245,3,stabilizer,intToOut
246,7,stateEstimate,x
247,7,stateEstimate,y
248,7,stateEstimate,z
249,7,stateEstimate,vx
250,7,stateEstimate,vy
251,7,stateEstimate,vz
252,7,stateEstimate,ax
253,7,stateEstimate,ay
254,7,stateEstimate,az
255,7,stateEstimate,roll
256,7,stateEstimate,pitch
257,7,stateEstimate,yaw
258,7,stateEstimate,qx
259,7,stateEstimate,qy
260,7,stateEstimate,qz
261,7,stateEstimate,qw
262,5,stateEstimateZ,x
263,5,stateEstimateZ,y
264,5,stateEstimateZ,z
265,5,stateEstimateZ,vx
266,5,stateEstimateZ,vy
267,5,stateEstimateZ,vz
268,5,stateEstimateZ,ax
269,5,stateEstimateZ,ay
270,5,stateEstimateZ,az
271,3,stateEstimateZ,quat
272,5,stateEstimateZ,rateRoll
273,5,stateEstimateZ,ratePitch
274,5,stateEstimateZ,rateYaw
275,2,supervisor,info
276,1,sys,canfly
277,1,sys,isFlying
278,1,sys,isTumbled
279,4,sys,testLogParam
280,7,tdoaEngine,stRx
281,7,tdoaEngine,stEst
282,7,tdoaEngine,stTime
283,7,tdoaEngine,stFound
284,7,tdoaEngine,stCc
285,7,tdoaEngine,stHit
286,7,tdoaEngine,stMiss
287,7,tdoaEngine,cc
288,2,tdoaEngine,tof
289,7,tdoaEngine,tdoa
290,7,kalman_pred,predNX
291,7,kalman_pred,predNY
292,7,kalman_pred,measNX
293,7,kalman_pred,measNY
294,1,lighthouse,validAngles
295,7,lighthouse,rawAngle0x
296,7,lighthouse,rawAngle0y
297,7,lighthouse,rawAngle1x
298,7,lighthouse,rawAngle1y
299,7,lighthouse,angle0x
300,7,lighthouse,angle0y
301,7,lighthouse,angle1x
302,7,lighthouse,angle1y
303,7,lighthouse,angle0x_1
304,7,lighthouse,angle0y_1
305,7,lighthouse,angle1x_1
306,7,lighthouse,angle1y_1
307,7,lighthouse,angle0x_2
308,7,lighthouse,angle0y_2
309,7,lighthouse,angle1x_2
310,7,lighthouse,angle1y_2
311,7,lighthouse,angle0x_3
312,7,lighthouse,angle0y_3
313,7,lighthouse,angle1x_3
314,7,lighthouse,angle1y_3
315,7,lighthouse,rawAngle0xlh2
316,7,lighthouse,rawAngle0ylh2
317,7,lighthouse,rawAngle1xlh2
318,7,lighthouse,rawAngle1ylh2
319,7,lighthouse,angle0x_0lh2
320,7,lighthouse,angle0y_0lh2
321,7,lighthouse,angle1x_0lh2
322,7,lighthouse,angle1y_0lh2
323,2,lighthouse,width0
324,2,lighthouse,width1
325,2,lighthouse,width2
326,2,lighthouse,width3
327,1,lighthouse,comSync
328,2,lighthouse,bsAvailable
329,2,lighthouse,bsReceive
330,2,lighthouse,bsActive
331,2,lighthouse,bsCalUd
332,2,lighthouse,bsCalCon
333,1,lighthouse,status
334,7,lighthouse,posRt
335,7,lighthouse,estBs0Rt
336,7,lighthouse,estBs1Rt
337,7,lighthouse,x
338,7,lighthouse,y
339,7,lighthouse,z
340,7,lighthouse,delta
341,2,lighthouse,bsGeoVal
342,2,lighthouse,bsCalVal
343,7,lighthouse,disProb
344,7,pid_attitude,roll_outP
345,7,pid_attitude,roll_outI
346,7,pid_attitude,roll_outD
347,7,pid_attitude,roll_outFF
348,7,pid_attitude,pitch_outP
349,7,pid_attitude,pitch_outI
350,7,pid_attitude,pitch_outD
351,7,pid_attitude,pitch_outFF
352,7,pid_attitude,yaw_outP
353,7,pid_attitude,yaw_outI
354,7,pid_attitude,yaw_outD
355,7,pid_attitude,yaw_outFF
356,7,pid_rate,roll_outP
357,7,pid_rate,roll_outI
358,7,pid_rate,roll_outD
359,7,pid_rate,roll_outFF
360,7,pid_rate,pitch_outP
361,7,pid_rate,pitch_outI
362,7,pid_rate,pitch_outD
363,7,pid_rate,pitch_outFF
364,7,pid_rate,yaw_outP
365,7,pid_rate,yaw_outI
366,7,pid_rate,yaw_outD
367,7,pid_rate,yaw_outFF
368,7,ctrlINDI,cmd_thrust
369,7,ctrlINDI,cmd_roll
370,7,ctrlINDI,cmd_pitch
371,7,ctrlINDI,cmd_yaw
372,7,ctrlINDI,r_roll
373,7,ctrlINDI,r_pitch
374,7,ctrlINDI,r_yaw
375,7,ctrlINDI,u_act_dyn_p
376,7,ctrlINDI,u_act_dyn_q
377,7,ctrlINDI,u_act_dyn_r
378,7,ctrlINDI,du_p
379,7,ctrlINDI,du_q
380,7,ctrlINDI,du_r
381,7,ctrlINDI,ang_accel_ref_p
382,7,ctrlINDI,ang_accel_ref_q
383,7,ctrlINDI,ang_accel_ref_r
384,7,ctrlINDI,rate_d[0]
385,7,ctrlINDI,rate_d[1]
386,7,ctrlINDI,rate_d[2]
387,7,ctrlINDI,uf_p
388,7,ctrlINDI,uf_q
389,7,ctrlINDI,uf_r
390,7,ctrlINDI,Omega_f_p
391,7,ctrlINDI,Omega_f_q
392,7,ctrlINDI,Omega_f_r
393,7,ctrlINDI,n_p
394,7,ctrlINDI,n_q
395,7,ctrlINDI,n_r
396,7,ctrlMel,cmd_thrust
397,7,ctrlMel,cmd_roll
398,7,ctrlMel,cmd_pitch
399,7,ctrlMel,cmd_yaw
400,7,ctrlMel,r_roll
401,7,ctrlMel,r_pitch
402,7,ctrlMel,r_yaw
403,7,ctrlMel,accelz
404,7,ctrlMel,zdx
405,7,ctrlMel,zdy
406,7,ctrlMel,zdz
407,7,ctrlMel,i_err_x
408,7,ctrlMel,i_err_y
409,7,ctrlMel,i_err_z
410,7,posCtrlIndi,posRef_x
411,7,posCtrlIndi,posRef_y
412,7,posCtrlIndi,posRef_z
413,7,posCtrlIndi,velS_x
414,7,posCtrlIndi,velS_y
415,7,posCtrlIndi,velS_z
416,7,posCtrlIndi,velRef_x
417,7,posCtrlIndi,velRef_y
418,7,posCtrlIndi,velRef_z
419,7,posCtrlIndi,angS_roll
420,7,posCtrlIndi,angS_pitch
421,7,posCtrlIndi,angS_yaw
422,7,posCtrlIndi,angF_roll
423,7,posCtrlIndi,angF_pitch
424,7,posCtrlIndi,angF_yaw
425,7,posCtrlIndi,accRef_x
426,7,posCtrlIndi,accRef_y
427,7,posCtrlIndi,accRef_z
428,7,posCtrlIndi,accS_x
429,7,posCtrlIndi,accS_y
430,7,posCtrlIndi,accS_z
431,7,posCtrlIndi,accF_x
432,7,posCtrlIndi,accF_y
433,7,posCtrlIndi,accF_z
434,7,posCtrlIndi,accFT_x
435,7,posCtrlIndi,accFT_y
436,7,posCtrlIndi,accFT_z
437,7,posCtrlIndi,accErr_x
438,7,posCtrlIndi,accErr_y
439,7,posCtrlIndi,accErr_z
440,7,posCtrlIndi,phi_tilde
441,7,posCtrlIndi,theta_tilde
442,7,posCtrlIndi,T_tilde
443,7,posCtrlIndi,T_inner
444,7,posCtrlIndi,T_inner_f
445,7,posCtrlIndi,T_incremented
446,7,posCtrlIndi,cmd_phi
447,7,posCtrlIndi,cmd_theta
448,7,posCtl,targetVX
449,7,posCtl,targetVY
450,7,posCtl,targetVZ
451,7,posCtl,targetX
452,7,posCtl,targetY
453,7,posCtl,targetZ
454,7,posCtl,bodyVX
455,7,posCtl,bodyVY
456,7,posCtl,bodyX
457,7,posCtl,bodyY
458,7,posCtl,Xp
459,7,posCtl,Xi
460,7,posCtl,Xd
461,7,posCtl,Xff
462,7,posCtl,Yp
463,7,posCtl,Yi
464,7,posCtl,Yd
465,7,posCtl,Yff
466,7,posCtl,Zp
467,7,posCtl,Zi
468,7,posCtl,Zd
469,7,posCtl,Zff
470,7,posCtl,VXp
471,7,posCtl,VXi
472,7,posCtl,VXd
473,7,posCtl,VXff
474,7,posCtl,VYp
475,7,posCtl,VYi
476,7,posCtl,VYd
477,7,posCtl,VYff
478,7,posCtl,VZp
479,7,posCtl,VZi
480,7,posCtl,VZd
481,7,posCtl,VZff
482,7,ctrlLee,KR_x
483,7,ctrlLee,KR_y
484,7,ctrlLee,KR_z
485,7,ctrlLee,Kw_x
486,7,ctrlLee,Kw_y
487,7,ctrlLee,Kw_z
488,7,ctrlLee,Kpos_Px
489,7,ctrlLee,Kpos_Py
490,7,ctrlLee,Kpos_Pz
491,7,ctrlLee,Kpos_Dx
492,7,ctrlLee,Kpos_Dy
493,7,ctrlLee,Kpos_Dz
494,7,ctrlLee,thrustSi
495,7,ctrlLee,torquex
496,7,ctrlLee,torquey
497,7,ctrlLee,torquez
498,7,ctrlLee,rpyx
499,7,ctrlLee,rpyy
500,7,ctrlLee,rpyz
501,7,ctrlLee,rpydx
502,7,ctrlLee,rpydy
503,7,ctrlLee,rpydz
504,7,ctrlLee,error_posx
505,7,ctrlLee,error_posy
506,7,ctrlLee,error_posz
507,7,ctrlLee,error_velx
508,7,ctrlLee,error_vely
509,7,ctrlLee,error_velz
510,7,ctrlLee,omegax
511,7,ctrlLee,omegay
512,7,ctrlLee,omegaz
513,7,ctrlLee,omegarx
514,7,ctrlLee,omegary
515,7,ctrlLee,omegarz
516,7,kalman,stateX
517,7,kalman,stateY
518,7,kalman,stateZ
519,7,kalman,statePX
520,7,kalman,statePY
521,7,kalman,statePZ
522,7,kalman,stateD0
523,7,kalman,stateD1
524,7,kalman,stateD2
525,7,kalman,varX
526,7,kalman,varY
527,7,kalman,varZ
528,7,kalman,varPX
529,7,kalman,varPY
530,7,kalman,varPZ
531,7,kalman,varD0
532,7,kalman,varD1
533,7,kalman,varD2
534,7,kalman,q0
535,7,kalman,q1
536,7,kalman,q2
537,7,kalman,q3
538,7,kalman,rtUpdate
539,7,kalman,rtPred
540,7,kalman,rtFinal
541,6,outlierf,lhWin
542,7,estimator,rtApnd
543,7,estimator,rtRej
544,7,posEstAlt,estimatedZ
545,7,posEstAlt,estVZ
546,7,posEstAlt,velocityZ
547,1,DTR_P2P,rx_state
548,1,DTR_P2P,tx_state
549,7,indi,alp_raw_x
550,7,indi,alp_raw_y
551,7,indi,alp_raw_z
552,7,indi,alp_x
553,7,indi,alp_y
554,7,indi,alp_z
555,7,indi,tau_x
556,7,indi,tau_y
557,7,indi,tau_z
558,7,indi,alp_notch_x
559,7,indi,alp_notch_y
560,7,indi,alp_notch_z
